id,number,title,part,stage,draft_status,draft_date,thesis,key_concepts,mechanisms,claims,sources,challenges,related_chapter_ids
FP-CH01,1,The System is Breaking Down,Age of Extremes,diagnosis,"Draft 1.6, voice-rule audit fix (contractions, passives, contrast statement, micro-marches), 2026-09-02",2026-08-28,"Americans built the systems they inherit at birth (work, healthcare, school, finance, civic life, media, and technology, with AI now arriving on top) for a set of conditions that has since changed. Each now demands more while delivering less, and the mismatch is structural rather than a personal failure of discipline or grit. As of Draft 1.3 the systems walk develops three domains fully (work, healthcare, school), compresses finance and civic life into a single sentence each, and treats media, personal technology, and AI as one continuous movement about the information environment. The argument is unchanged; the seven-fold march is gone.","the inheritance: systems built for conditions that have since changed, now asking more of the people inside them | the mismatch: complexity a person navigates without the training any institution provided, met by compensation first, strain second, breakdown third | breakdown travels: professions hollow out as each departure loads the ones who stay, institutions lose the authority clarity once earned, standing commitments get dropped by people out of margin, local civic participation weakens, AI reorganizes labor faster than any institution has prepared for | unequal cost: the same breakdown moves through every life and does not cost every life the same | the self as the only system a person actually governs",trauma-burnout | legacy | civic-agency | ai-synthetic-reality | institutions-power-repair,16,23,10,FP-CH02
FP-CH02,2,The Crisis of Agency,Age of Extremes,diagnosis,Draft 2.3 — X-before-Y clause cut from the closing 2026-09-21,2026-09-21,"Strain does not just exhaust a person. Past burnout, past inconvenience, it trains a person to stop initiating their own life. Agency, the practiced capacity to participate intentionally in shaping a life, erodes through three patterns (survival, time horizon compression, reactive choosing), and the loss shows up identically in the body, the family, the community, and civic life.","agency erosion as coastline erosion: most of the loss happens between visible storms, unnoticed until it's total | the five components of agency: Awareness, Capacity, Choice, Responsibility, Action, and how losing any one collapses the others | the three erosion patterns: survival (fight/flight/freeze/fawn narrowing the field of options), time horizon compression (planning shrinks from years to a list), and reactive choosing (notifications and algorithms replace initiated choice) | the difference between practicing agency (five components online) and surveying/defending/reacting/surviving (two or three offline) | agency loss scaling identically through body, family, community, and civic life | agency as the load-bearing prerequisite for meaning, purpose, healing, justice, faith, and community | the five-stage Founded architecture previewed for the first time: Reclamation, Agency, Governance, Discernment, Contribution",capacity | choice | survival | shrinking-horizon | reactive-choosing | civic-agency | family-stewardship | community-trust | root-and-branch | five-stage-sequence,8,7,8,FP-CH01 | FP-CH06
FP-CH03,3,Why Humans Drift Toward Extremes,Age of Extremes,diagnosis,"Draft 1.4 — Plain-language recheck (CH01 reader test), 2026-09-01",2026-08-28,"Certainty functions as a painkiller for a nervous system running on a narrowed budget. It does not repair the underlying exhaustion; it makes the exhaustion bearable, at the cost of flattening a person's capacity for nuance, comparison, and disagreement that stays in the room. The drift toward political, religious, optimization, conspiratorial, or identity-based extremes is five doors into the same narrowed room, not five unrelated pathologies.","certainty as painkiller: a settled answer closes an expensive open loop and lets a narrowed nervous system stand down | the narrowed field: sustained load quiets the capacity for nuance, comparison, and patience and brings threat-sorting-defense forward | five doors, one room: political certainty, single-identity certainty, religious certainty (and its secular twin), conspiracy certainty, and optimization certainty all open into the same furniture, which is an us-and-them field, a total explanation, and a defended relief. As of Draft 1.2 the five are grouped by function rather than counted off: two that sort people (political, single-identity), two that close an unanswerable question (religious/secular, the hidden hand), and one that explains the self (optimization) | explaining is not excusing: the mechanism that produces a belief is shared, and the content of the belief is not morally equal. Draft 1.2 names this turn as the Moral Boundary Principle, which the later parts of the book state and keep in force | agency at the point of noticing: a person does not choose whether the pull arrives, and they do choose what they do in the moment they notice it. Draft 1.2 names that noticing as Awareness and what follows it as Choice, the first and third components of agency | changing the conditions, not arguing the belief: load reduction (sleep, breath, movement, time off the feed, people who can disagree and stay in the room) is what actually moves the pull, because argument itself adds load",dynamic-balance | access | intellectual-humility | capacity | identity-openness | nervous-system | optimization,8,6,7,FP-CH02 | FP-CH04 | FP-CH06
FP-CH04,4,"Extraction, Overwhelm, and the Loss of Self-Governance",Age of Extremes,diagnosis,"Draft 1.5 — Typo fix (subject-verb agreement in ""The discernment""), 2026-09-02",2026-09-01,"A person is wealthy in seven currencies, financial, time, attention, health, relational, knowledge, and self. Money is the only one most Americans are taught to count, and each of the seven has an industry making withdrawals against it, with the withdrawal presented in every case as a personal shortcoming.","extraction defined by three failed tests: it returns less than it takes, it takes without consent a person could give from legible terms, and it recurs as a standing withdrawal | the seven withdrawals, mapped one-to-one onto seven forms of capital: money, hours, focus, body, people, understanding, self | the withdrawals grouped by what each one does, which is the organizing logic of the section as of Draft 1.2: two that are metered and billed (money, hours), two that are taken while the person believes they are spending them and are then billed a second time (focus, body), and three that disable the capacity to refuse the other four (people, understanding, self) | the disguise: the withdrawal arrives named as the reader's own failure, so it gets paid in shame, and a person in shame does not go looking for the counterparty. Stated as an explicit closer on three of the seven (money, focus, self) rather than all seven | ""Telling an Exchange from an Extraction,"" the guard against reading every transaction as theft | ""No Villain Required,"" the structural-incentive principle that continues CH03's anti-conspiracy thread, plus the explaining-versus-excusing line CH03 drew | the closing turn: effort cannot out-work a machine built to harvest effort, and structure is what answers it",personal-capital | extraction | governance-creates-space | shame-dissociation,15,8,8,FP-CH01 | FP-CH02 | FP-CH05 | FP-CH06 | FP-CH24
FP-CH05,5,Why Effort Alone Cannot Save Us,Age of Extremes,diagnosis,"Draft 1.4 — Plain-abstraction recheck (one paragraph grounded), 2026-09-01",2026-07-25,Misdirected effort is the problem. Effort aimed at a problem on its own layer builds something real. Effort aimed at a structural problem from the personal layer wears the person down and often feeds the very structure it was meant to fight. What answers this is effort moved off the personal layer and onto the structural one.,"discipline aimed inward becomes the most efficient delivery mechanism for the harvest | the personal layer and the structural layer, and why effort behaves differently depending on which one it arrives on | the inhaler and the freeway: a clinical illustration of a personal-layer fix that cannot reach a structural-layer problem | the wellness/optimization/productivity market's profit model depends on its own protocols continuing to fail | effort that feeds (produces more of you for the system to take) versus effort that builds (changes the structure itself, closes a channel) | the diagnosis of Part I is complete; the floor Part II lays down is what a real defense will stand on",optimization | governance-creates-space,9,7,9,FP-CH02 | FP-CH03 | FP-CH04 | FP-CH06
FP-CH06,6,Nature Rejects Absolutes,Dynamic Balance,foundation,"Draft 1.2 — Direct address conversion (second person), 2026-08-30",2026-08-05,"Healthy systems regulate. Failing systems absolutize. Life at every scale, cellular, personal, relational, civic, runs on the continuous regulated relationship between opposing necessities, not on maximizing any single variable. Nature does not reward absolutes. Nature rejects them, and it has been demonstrating the rejection since the first cells learned to hold an ion gradient across a membrane.","dynamic equilibrium as a continuous process, not a static state (kidneys, breath, insulin, immune self/non-self recognition, autonomic shifts) | allostasis (Sterling) as a sharper term than homeostasis: the body predicts and adjusts setpoints ahead of demand rather than only correcting after drift | allostatic load (McEwen) as the name for what breaks down when regulation cannot keep pace with demand | yin/yang as a three-thousand-year-old parallel tradition naming the same regulated interrelationship, introduced through the Ba Gang (Eight Principles) diagnostic framework from Dr. Thompson's Chinese Medicine training | the seeds-of-the-opposite teaching: every extreme generates the conditions for its own reversal from inside itself (Lao Tzu, Tao Te Ching ch. 40), demonstrated at the scale of culture, market, relationship, and person | the pull toward absolutes as an overloaded nervous system's last available move, not a character flaw | periodization as dynamic balance with a stopwatch, the chapter's answer to the elite-athlete counter-argument",dynamic-balance | nervous-system,22,33,11,
FP-CH07,7,Balance Is Not Moderation,Dynamic Balance,foundation,Draft 1.2 — Direct address conversion (second person) 2026-08-30,2026-08-30,"Balance is the active regulation of necessary opposing forces in service of human flourishing inside moral boundaries. Moderation reduces both poles to weak versions of themselves and offers the average as wisdom. The two are not points on the same spectrum. Moderation produces a life, a family, a civic culture, or a clinical practice that is technically running and never fully alive. Balance asks for more commitment, not less.","the difference between regulation and averaging | moderation's predictable failure mode across personal, political, family, and clinical life | balance as full commitment to multiple necessary things at once, not dilution of either | the autonomic model of balance: full activation, full recovery, regulation living in the switching | the three-question practice for telling a real tension from a false one | the Moral Boundary Principle as the sorter between tensions that belong inside the field of balance and tensions that do not",balance-not-moderation | family-stewardship | moral-boundary | nervous-system | access,7,3,5,FP-CH02 | FP-CH06 | FP-CH08
FP-CH08,8,Freedom and Responsibility,Dynamic Balance,foundation,Draft 1.3 — Plain-language recheck (CH01 reader test) 2026-09-01,2026-08-05,"Freedom and responsibility require each other. Freedom is the practiced capacity to live with agency, responsibility, discernment, and dignity inside reality, not a state a government confers or an authority imposes. Responsibility is the right-sized ownership of what a person actually controls. Neither pole functions without the other, and a culture or a life that maximizes one while eliminating the other produces predictable, specific failure.","the inherited American freedom story and the half of it that erodes | the six-element definition of freedom: practiced, agency, responsibility, discernment, dignity, reality | the three-part definition of responsibility: right-sized, ownership, actually controls | the libertarian extreme (freedom maximized, responsibility eliminated) and its costs | the authoritarian extreme (responsibility maximized, freedom eliminated) and its costs | the same maximization pattern at personal scale (unfinished commitments and broken relationships vs. an hour owed to everyone else's emergencies) | practicing the pair as two questions asked together, recalibrated by role: worker, parent, citizen, patient",responsibility | freedom-responsibility | dynamic-balance | practice-of-discernment,5,2,7,FP-CH09
FP-CH09,9,Identity and Openness,Dynamic Balance,foundation,Draft 1.3 — 'Durable' misuse fix 2026-09-01,2026-08-05,"Identity gives the person somewhere to stand. Openness allows the person to receive what arrives without dissolving into it. A person needs both at full strength, not a compromise between them.","identity as the patterned assembly of inherited elements (ancestry, body, language, religion, race, gender, generation, class) and chosen elements (vocation, partnership, values, community) | openness as the capacity to receive what is outside the identity without dissolving, not agreement and not abandonment of one's own commitments | identity capture: the closed loop where disagreement becomes betrayal and the identity becomes the only frame allowed to other people | dissolution: the absence that flexibility can disguise, where the person rearranges around whoever is in the room | practicing the pair as a disciplined, non-moderate commitment to both necessities at once",identity-openness,5,3,8,FP-CH10
FP-CH10,10,Competition and Cooperation,Dynamic Balance,foundation,"Draft 1.3, plain-language recheck (CH01 reader test) 2026-09-01. Draft 1.2 direct address conversion (second person) 2026-08-30. Draft 1.1 structural voice pass 2026-08-28. Draft 1.0 voice rewrite 2026-08-05.",2026-08-05,"Competition and cooperation are both real and both necessary. Each produces specific, distinct goods when it works and specific, distinct harms when either is maximized at the expense of the other. The skill Dynamic Balance asks for is not picking a side but reading which response a given situation actually requires.","the American argument: market-fundamentalist vs. collectivist framings, both false choices | four goods of competition: sharpening, motivation, sorting, accountability | four goods of cooperation: scale, care, trust, creation | what happens when either pole is maximized: competition without cooperation produces monopolies, extraction, exhaustion, and civic withdrawal; cooperation without competition produces suppressed dissent, lost feedback loops, and stagnation | the personal-scale mirror: constant comparison (maximized competition) vs. constant accommodation (maximized cooperation) | practicing the pair: reading whether a situation is a one-shot encounter (job interview, sales call, election) that rewards full competition, or a relational situation (marriage, parenting, team, community) that rewards full cooperation | Axelrod's iterated-vs-one-shot distinction as the game-theoretic spine under ""reading the situation""",choice | dynamic-balance | competition-cooperation | community-trust,4,1,6,
FP-CH11,11,Individual and Community,Dynamic Balance,foundation,Draft 1.4 — Plain-language recheck: creation paragraph re-grounded 2026-09-01,2026-08-05,"The individual and the community are both real, both load-bearing, and both dangerous when maximized alone. Americans have run this pendulum for three hundred years, and the swing itself is the evidence that the regulation between the two has gone offline.","the American pendulum (three hundred years of overcorrection) | four goods of the individual: conscience, creativity, refuge, responsibility | four goods of the community: transmission, care, scale, meaning | maximum individualism as failure mode (loneliness, eroded institutions, addiction at scale) | maximum collectivism as failure mode (conformity, suppressed conscience, atrocity at scale) | practicing the pair (staying in the room and still saying the true thing)",individual-community | community-trust,6,2,9,FP-CH04
FP-CH12,12,Innovation and Stability,Dynamic Balance,foundation,"Draft 1.3 — Plain-language recheck (concrete grounding fix), 2026-09-01",2026-08-05,Innovation and stability are not a choice between progress and caution. Both are necessary goods that produce real costs when isolated. The culture spent thirty years maximizing innovation on Silicon Valley's terms and is now paying the stability debt. A regulated culture commits fully to both at once rather than picking a side.,"the Silicon Valley narrative (disruption as highest virtue, stability as drag) | innovation's three goods: adaptation, correction, generative power | stability's three goods: trust, expertise, repair | the innovation-only failure mode (disruption that benefits disruptors, destroyed institutional memory) | the stability-only failure mode (ossification, gatekeeping, refusal to update against evidence) | the two-question practice: does the change address a real problem, does it preserve what worked | Facebook's motto change (""move fast and break things"" to ""move fast with stable infrastructure"") as concrete evidence the innovation-only stance cannot survive its own scale",innovation-stability | institutions-power-repair,5,2,4,
FP-CH13,13,Security and Adaptability,Dynamic Balance,foundation,"Draft 1.5 — floor image reworked to ground floor, 2026-09-02",2026-08-05,"Security paid for by the erosion of adaptability is not security. The post-9/11 posture in American culture proved the point at national scale: the country traded adaptability for a permanent emergency framing and became more rigid, more anxious, and more vulnerable to internal manipulation as a result. A regulated person, family, workplace, community, or country commits fully to both poles and lets them regulate each other across time.","security's three goods: bandwidth for higher-order functioning, conditions for trust, protection of long-term work | adaptability's three goods: capacity to respond to change, correction of error, absorption of shock | the siege failure mode (maximum security without adaptability, rigidity becomes the new threat) | the improvisation failure mode (maximum adaptability without security, nothing completes because conditions never stabilize) | layer-by-layer practice: body, household, workplace, civic environment each need a different mix | the post-9/11 case as a national-scale illustration of the siege failure mode",security-adaptability | nervous-system | community-trust,6,3,5,
FP-CH14,14,The Moral Boundary Principle,Dynamic Balance,foundation,Draft 1.3 - Plain-language recheck (CH01 reader test) 2026-09-01,2026-08-05,"The Dynamic Balance Principle applies to necessary competing forces, not to inherently immoral acts. Some apparent tensions are not tensions. They are violations dressed in the language of competing forces, and a theory that cannot tell the difference is not a theory worth defending.","the distinction between real tensions (two necessary forces) and false tensions (one necessary force versus a violation) | the list of acts that sit outside the field of Dynamic Balance: slavery, genocide, torture, child abuse, intentional cruelty, deliberate disinformation, exploitation for exploitation's sake, suffering for suffering's sake | the two diagnostic questions: are both sides necessary for flourishing, and who benefits from the framing | moral relativism's ""anything goes"" failure as the philosophical ancestor of the chapter's argument | balance-language misuse by people in power (corporate, political, religious, clinical) as the threat the principle guards against",moral-boundary | access | dynamic-balance,4,2,4,
FP-CH15,15,The Theft of Agency,Reclaiming Agency,reclamation,"Draft 1.3 — 'Durable' misuse fixed, 2026-09-01",2026-08-30,"Agency develops gradually across a lifetime, and the development can be interrupted at any stage by three mechanisms: direct override, conditional acceptance, and information control. Most readers have lived inside several of these mechanisms at once, long before they had the language to name what was happening to them.","the three mechanisms of theft: direct override, conditional acceptance, information control | the mechanisms operate without requiring malice | adaptation as intelligence rather than failure | reclamation as new construction, since most readers never had the full agency the book asks them to build | the body as witness (headaches, disrupted sleep, high breath, jaw grinding, repeating relationship and career patterns) | Journey from the Edge as the companion volume that carries the clinical depth of the reclamation arc",theft-of-agency | survival-plasticity | self-trust,5,2,5,FP-CH16
FP-CH16,16,"Trauma, Burnout, and Survival Plasticity",Reclaiming Agency,reclamation,"Draft 1.3 — Plain-language recheck, reclamation paragraph grounded 2026-09-01",2026-08-22,"Trauma, burnout, and survival plasticity are three distinct phenomena that get used as if they're synonyms, and the confusion costs readers, clinicians, and institutions real understanding. Trauma is what a system does with an event or condition it couldn't process at the time. Burnout is what happens to a regulated system when demand outpaces recovery capacity over an extended period. Survival plasticity is the broader category underneath both: the adaptations a body makes to survive whatever conditions it's actually inside.","trauma as unmetabolized response: what the body does with an event or chronic condition that exceeded its processing capacity at the time, not the event itself | burnout as recovery-capacity failure: a regulated system's predictable response to sustained demand that exceeds its recovery capacity, structural before it's personal | survival plasticity as the broader category: the adaptations the nervous, immune, hormonal, digestive, muscular, and cognitive systems make to keep a person alive under whatever conditions they actually navigate | the update problem: survival patterns aren't defects, they're intelligent responses that become a problem only when the conditions change and the pattern doesn't update | three reader-facing questions: whether current responses trace back to unprocessed events, whether current exhaustion traces back to structural demand rather than personal failure, and which adaptive patterns are still running for conditions that no longer exist",survival | trauma-burnout | survival-plasticity | capacity | nervous-system,6,3,5,
FP-CH17,17,Body Memory and the Nervous System,Reclaiming Agency,reclamation,Draft 1.3 — Plain-language recheck (fourth-pattern grounding fix) 2026-09-01,2026-08-22,"The body remembers what the mind does not consciously hold, and the remembering is biological rather than metaphorical. Reclamation happens through specific clinical and somatic interventions, restoring regulatory range, updating survival patterns through repeated supported experience, building conscious choice on top of automatic response, and repairing the relationship between the body and the self, not through insight alone.","autonomic regulation: the sympathetic branch (activation) and parasympathetic branch (recovery), and the regulatory range between them | dysregulation as failure to return to parasympathetic recovery after demand resolves, compounding across weeks, months, and years | body memory as trauma-conditioned faster activation and slower recovery in response to threat-resembling cues, not a personality trait | four reclamation interventions: restoring regulatory range, supported updating of survival patterns, building conscious choice on top of automatic response, repairing the body-self relationship | three starter practices for the reader: watched breath, protected sleep, naming a pattern without needing to stop it",nervous-system | choice | survival | self-trust,5,2,6,
FP-CH18,18,"Shame, Dissociation, and Disconnection",Reclaiming Agency,reclamation,"Draft 1.3 — Plain-language recheck, one fix (future-disconnection paragraph grounded) 2026-09-01",2026-08-22,"Shame, dissociation, and disconnection are not three unrelated struggles. They developed as intelligent, protective responses to conditions the reader had to survive, and they now reinforce each other in a cycle that compounds over years until the cycle becomes indistinguishable from the reader's sense of who they are.","shame as a ""being"" response (something about me is wrong) distinct from guilt as a ""doing"" response (I did something wrong); shame motivates concealment, guilt motivates repair | shame installs early through conditional acceptance and becomes infrastructure that organizes the personality | dissociation as the body's protective separation of conscious experience from material it cannot, in the moment, process | dissociation as adaptive, not weak, with a range from partial and brief to chronic and severe | disconnection across four domains: other people, the body, the present moment, and the future | the reinforcing cycle: shame produces unbearable material, dissociation separates the person from it, disconnection prevents the safety the integration requires, and the unintegrated material reinforces the shame | reclamation as slow, relational, and clinically supported rather than willed",shame-dissociation | institutions-power-repair,5,3,7,
FP-CH19,19,The Soil of Safety,Reclaiming Agency,reclamation,Draft 1.2 — Direct address conversion (second person) 2026-08-30,2026-08-22,"A reclamation can't take root inside conditions of chronic threat any more than a seed can germinate in dry rock. Six elements together produce the conditions inside which reclamation can actually proceed: physiological regulation, relational support, material adequacy, meaningful structure, access to clinical support, and meaning. None of the six is sufficient alone.","the Soil of Safety: the Founded Project's term for the assembled conditions inside which reclamation can proceed | the six elements: physiological regulation, relational support, material adequacy, meaningful structure, access to clinical support, meaning | the soil as biology, not luxury: grounded in neuroception, the nervous system's continuous scan for cues of safety before it allows deeper regulatory work | material adequacy as a biological precondition, not a lifestyle preference, grounded in the ACE study's dose-response findings | building the soil happens one element at a time, across months and years, with attention to whichever element is currently most depleted | the soil protects the deeper work from interruption; most practice failure is soil failure in disguise",soil-of-safety | nervous-system | self-trust | access | governance-creates-space,6,3,10,
FP-CH20,20,Reclaiming Choice,Reclaiming Agency,reclamation,"Draft 1.3 — Plain-language recheck, concrete grounding added, 2026-09-01",2026-08-22,"Choice does not return through insight. It returns through repeated experience of choosing, inside conditions the body can tolerate. The reader rebuilds the choosing muscle through a small-to-medium-to-large progression, the same way mastery experience builds self-efficacy: each completed choice becomes evidence the nervous system uses to evaluate the next one.","small, medium, and large choices, and why the sequence matters more than the size | the choosing muscle: choice as a practiced capacity, not a decision made once | mastery experience and self-efficacy as the mechanism underneath the sequence | the trap of performance: making the large, visible choice before the body has the capacity to integrate it | three trackable signals of reclamation: expanding regulatory range, emerging preference, and shifting relationships",choice | self-trust | capacity | nervous-system | five-stage-sequence,3,1,7,FP-CH16 | FP-CH21
FP-CH21,21,From Survival to Self-Trust,Reclaiming Agency,reclamation,"Draft 1.3 — Plain-language recheck, one concrete grounding added 2026-09-01",2026-08-23,"Self-trust is the felt certainty that a person will honor their own signal, even when the signal is inconvenient, unwelcome, or expensive. It is distinct from confidence (certainty of success) and self-esteem (a sense of being acceptable). Self-trust gets built the same way it gets damaged: through repetition, not insight. A reader accumulates it by honoring small signals, registering that they did not abandon the signal, and letting the body add the evidence to the file.","self-trust distinguished from confidence and from self-esteem | the signal as intact but damaged: silenced, redirected, or distorted by survival adaptations, never destroyed | self-trust built through accumulated evidence of honored signals (small choice, medium choice, large choice) | self-trust as the precondition for governance, discernment, and contribution | Dynamic Balance, agency, and reclamation named as one orientation at three scales | Part III as the establishment of a practice, not a finished state | the hand-off: reclaimed agency needs governance structure to extend outward",survival | self-trust | community-trust | choice | intellectual-humility | governance-creates-space,5,3,8,FP-CH20
FP-CH22,22,Why Governance Matters,Governing Agency,governance,Draft 1.1 — Direct address conversion (second person) 2026-08-30,2026-08-30,"Reclaimed agency without structure returns to the conditions the reclamation was meant to address. Governance is the intentional organization of decisions, resources, relationships, boundaries, responsibilities, and commitments in service of the future the person has chosen, and it is what allows agency to be sustained rather than dissolving back into reactivity.","five governance failures: decision drift, values inconsistency, resource leakage, relational accumulation, response paralysis | five governance goods: decision architecture, values clarity, resource protection, relational mapping, decision processing | governance as structure in service of agency, explicitly not control and not bureaucracy | the Human Enterprise framework: the person as CEO, owner, employee, and beneficiary of their own enterprise | personal governance as complement to, not replacement for, community, family, religion, and civic structure | the Part IV roadmap (CH23-CH31): CEO of Self, capital beyond money, assets and liabilities, the personal board, access levels, values under stress, decision memos and bylaws, collapse and reorganization, and full assembly",self-trust | human-enterprise | institutions-power-repair | governance-creates-space | ceo-of-self | honest-accounting | access | values-under-stress | bylaws | collapse-reorganization,3,2,8,FP-CH23 | FP-CH27 | FP-CH31
FP-CH23,23,The CEO of Self,Governing Agency,governance,Draft 1.2 — Direct address conversion (second person) 2026-08-30,2026-08-23,"The reader operates four roles inside the enterprise that is their life: owner, CEO, employee, and beneficiary. The roles are not four people and not a metaphor for corporate life. They are functional distinctions, each asking a different question, and a regulated person consults the right role for the right decision instead of collapsing all four into one.","the misreading the phrase invites, and why the concept means the opposite of corporatizing the self | the four roles: owner (mission and values), CEO (strategy and resource allocation), employee (daily execution), beneficiary (the life being lived) | the four questions: what is this for, what should I do this quarter, what does today require, am I being served | the five things the CEO role specifically does: strategy, resource allocation, commitment management, decision making, review | four collapse patterns: employee-only, CEO-only, owner-only, and the disappeared beneficiary | the principal-agent problem, applied internally: the same person can misalign with themselves across roles",ceo-of-self | optimization,3,1,7,
FP-CH24,24,Capital Beyond Money,Governing Agency,governance,Draft 1.6 — Corrected epigraph attribution to Lord Chesterfield 2026-09-02,2026-08-23,"Wealth is what the perceiver experiences as sacred and abundant, not only what a bank statement records. The Human Enterprise framework names seven forms of capital, financial, time, attention, health, relational, knowledge, and reputational, that interact, convert into each other at real and often unfavorable rates, and each require distinct management practices. An enterprise that manages only the financial form fails in the other six.","the seven forms of capital: financial, time, attention, health, relational, knowledge, and reputational | wealth defined as what the perceiver experiences as sacred and abundant, not reducible to money | conversion rates between forms, most of them lossy (financial for time, time for financial, health spent to buy any other form) | extraction as the failure mode of relational capital specifically, drawing trust without reciprocity | management practices distinct to each form | the operational minimum: other forms exist (creative, spiritual, civic, generational) but the seven named are the floor, not the ceiling",human-enterprise | personal-capital | honest-accounting,4,2,8,
FP-CH25,25,"Assets, Liabilities, and Honest Accounting",Governing Agency,governance,Draft 1.2 — Voice rewrite 2026-08-23; plain-language sweep 2026-08-24; structural voice rewrite 2026-08-28; direct address conversion (second person) 2026-08-30; plain-abstraction recheck 2026-09-01,2026-08-23,"A regulated enterprise knows what it owns and what it owes. Most adults cannot describe their own enterprise with comparable accuracy, financially or otherwise, and honest accounting across all seven capital forms is the foundation the governance work in the rest of Part IV depends on.","three-column inventory: assets, liabilities, developable capacities | seven capital rows, inherited directly from CH24: financial, time, attention, health, relational, knowledge, reputational | the ostrich effect as the documented mechanism behind incomplete self-knowledge of financial liabilities specifically | two distortions honest accounting corrects: minimizing debts and under-claiming assets, which run in opposite directions and both require correction | one completed inventory begins governance; a quarterly practice operates an enterprise",honest-accounting | human-enterprise | personal-capital | governance-creates-space,3,1,8,FP-CH26
FP-CH26,26,The Board and the Wisdom of Counsel,Governing Agency,governance,Draft 1.3 — Plain-language recheck (one abstraction seam fixed) 2026-09-01,2026-08-30,"No person should make large decisions without counsel, because a decision made entirely inside one person's own perspective reproduces that perspective's blind spots, inherited biases, and unexamined cultural training. A personal board, deliberately assembled and consulted, gives decisions a wider field to be made inside.","the five board roles: elder, technical advisor, peer challenger, cultural translator, soul friend | the board is not a friend group, a therapy group, or a peer support network | assembly through cultivation, not invitation, over years rather than a single ask | the consultation discipline: honest disclosure, open receiving, deliberate acting | maintenance through reciprocity, not transaction | the board as the structural protection against the predictable errors of solitary judgment",personal-board,3,1,8,FP-CH27
FP-CH27,27,Access Is Not Intimacy,Governing Agency,governance,Draft 1.1 — Direct address conversion (second person) 2026-08-30,2026-08-23,"Access is the capacity to interrupt the reader's life. Intimacy is the depth of the connection. The two are not the same, and they often run in opposite directions: the person with unlimited access may not be known well, and the person known most deeply may keep access at deliberate intervals precisely because the relationship does not need constant maintenance to stay strong.","access as the capacity to interrupt, distinct from intimacy as the depth of connection | five levels of access: unrestricted, privileged, professional, acquaintance, public | dilution: granting a level to more people than the level's demands can sustain | deliberate assignment communicated through behavior (response rhythm) rather than explicit declaration | renegotiation: relationships move between levels as seasons of deepening, drift, project work, or harm change what a relationship warrants | ending a relationship as governance, not punishment, when a relationship is a consistent net drain that cannot be repaired",access | capacity,3,1,8,FP-CH28
FP-CH28,28,Values Under Stress,Governing Agency,governance,Draft 1.2 — Plain-language recheck (CH01 reader test) 2026-09-01,2026-09-01,"The values a reader states on a quiet afternoon are not the values that govern the reader's decisions under stress. Robust values get built deliberately, through four practices, not discovered by producing a better list.","the stated-values list versus the operational values that govern decisions under stress | the hot-cold empathy gap: a calm state cannot accurately predict behavior in a stressed state | the gap as evidence, not moral failure | four practices for building robust values: honest naming, values revision, conditional protection, regular review | values that operate without requiring willpower in the moment | what values can and cannot do (they don't make decisions easy, they don't replace conditions, they don't prevent every violation, they don't install quickly)",values-under-stress,3,1,8,
FP-CH29,29,Decision Memos and Personal Bylaws,Governing Agency,governance,Draft 1.1 — Direct address conversion (second person) 2026-08-30,2026-08-30,"Functioning institutions make decisions through documented processes, and the reader has been operating without any of it because the cultural template never offered personal bylaws as a category worth building. The decision memo and the personal bylaw are that missing documentation practice at personal scale, and both produce compounding returns once installed.","the decision memo: question, context, options, criteria, analysis, recommendation, consultation, decision, review | the personal bylaw: decision class, default, exceptions, exception procedure, reasoning | the memo-to-bylaw pipeline: a novel decision becomes a memo, a recurring decision becomes a bylaw, a failed bylaw becomes a new memo | three failures the practice protects against: decision exhaustion, reactive decision making, inconsistency that erodes trust | Bezos's six-page narrative memo discipline as precedent for the memo's structure",bylaws | institutions-power-repair,3,1,8,FP-CH22 | FP-CH30
FP-CH30,30,Collapse and Reorganization,Governing Agency,governance,"Draft 1.2 — Plain-language recheck, escape paragraph concrete grounding 2026-09-01",2026-09-01,"A structure that worked under earlier conditions can fail under new ones without the reader having done anything wrong. When that happens, the reader has two options: hold the structure and watch the enterprise fail, or restructure deliberately while resources, agency, and counsel are still available. Deliberate reorganization is governance. Explosion is not.","the reorganization sequence: assessment, design, sequencing, execution, integration | signals that appear despite the structures that should be containing them | the distinction between deliberate reorganization and detonation | reorganization as continuity, not repudiation, of what came before | what deliberate restructuring protects that explosion destroys (reputation, relationships, children's experience, financial runway, community, care)",innovation-stability | human-enterprise | collapse-reorganization | five-stage-sequence | governance-creates-space,3,1,8,
FP-CH31,31,Building a Human Enterprise,Governing Agency,governance,Draft 1.2 — Word-choice fix (durable/durability) 2026-09-01,2026-08-30,"None of Part IV's individual components is sufficient alone. Integrated, they produce a Human Enterprise that sustains reclaimed agency across years, deploys it deliberately, protects it from extraction, and eventually offers it into family, community, and civic life as contribution. The integrated enterprise can absorb job loss, medical diagnosis, family crisis, and unexpected opportunity in ways the reader's previous, ungoverned arrangement could not.","integration: the components produce a Human Enterprise only when they operate together, not as a checklist | ordinary durability: the integrated enterprise looks unremarkable from outside; the difference shows up in the rhythms and in what the structure absorbs | the maintenance tax: weekly review, board cultivation, bylaws review, values audit, access review, and continuing reclamation work, roughly two to four hours a week, non-negotiable | absorption without catastrophe: job loss, diagnosis, family crisis, and opportunity all become hard rather than catastrophic when the components are in place | the hand-off to Part V: governance can still be undone by a captured information environment, which is what discernment protects",human-enterprise | governance-creates-space | self-trust | family-stewardship,3,1,7,FP-CH22 | FP-CH30
FP-CH32,32,Truth Comes Before Balance,Protecting Agency,discernment,Draft 1.4 — Plain-language recheck (contested-middle paragraph grounded) 2026-09-01,2026-08-31,"A theory of Dynamic Balance can be misread as a theory in which every position deserves to be balanced against every other position. That misreading is wrong. Facts are not balanced against assertions, evidence is not balanced against opinion, and documented reality is not balanced against motivated narrative. Truth comes before balance, and balance operates only among positions that have already cleared the truth bar.","truth as the best available approximation produced by disciplined, self-correcting methods, not certainty, not consensus for its own sake, not reflexive contrarianism, not tribal loyalty | the field of balance and what sits outside it: documented historical events, established scientific consensus on physical reality, deliberate falsehoods, and manipulated statistics | the difference between deferring to expert consensus and questioning it ""supported by the same disciplined methods that produced the consensus in the first place"" | what the position does not require: omniscience, permanent certainty, contempt for people who hold false positions, or political alignment | Part V's roadmap, previewed at the end of the chapter: CH33 attention economy, CH34 rhetoric and manipulation, CH35 Rhetorical Points, CH36 GroundedVote and civic agency, CH37 AI and synthetic reality, CH38 intellectual humility",moral-boundary | truth-before-balance | practice-of-discernment | rhetoric-manipulation | civic-agency | ai-synthetic-reality | intellectual-humility,3,1,7,FP-CH14 | FP-CH33 | FP-CH38
FP-CH33,33,The Attention Economy,Protecting Agency,discernment,Draft 2.0 — Direct address conversion (second person) 2026-08-30,2026-08-30,"While the reader raised children, paid down a mortgage, built a career, and cared for aging parents, an entire economic sector was constructed around them, one that produces nothing but the capture of human attention at scale, monetized through advertising, data collection, and influence operations. The reader has been paying with attention for at least fifteen years without keeping the books on what the attention is worth.","the attention economy as an economic sector, not a metaphor | five capture mechanisms: intermittent reward, emotional activation, social validation, fear of missing, friction asymmetry | variable-ratio reinforcement as the literal engineering behind both slot machines and platform feeds (Skinner and Ferster) | five categories of cost: time, attention quality, emotional regulation, epistemic quality, relational quality, and agency itself | six protective practices: architecture of access, protected time, deliberate session, information audit, recovery, relational substitution",reactive-choosing | attention-economy | rhetoric-manipulation,3,2,8,FP-CH34
FP-CH34,34,"Rhetoric, Manipulation, and Public Reason",Protecting Agency,discernment,Draft 1.1 — Direct address conversion (second person) 2026-08-30,2026-08-30,"Rhetoric is the operating system of public life, and a population that was never taught rhetoric cannot evaluate what public actors are doing to them. Rhetoric itself is morally neutral. What separates honest persuasion from manipulation is whether the persuader is transparent about interests and evidence, respectful of the audience's capacity to evaluate, and willing to update the conclusion when the audience produces a better argument.","rhetoric as morally neutral technique, not inherently manipulative | the persuasion/manipulation distinction: transparency, respect for evaluative capacity, willingness to update | five manipulation categories: appeal to emotion that bypasses evidence, appeal to identity, false dichotomy, misrepresented authority, appeal to fear of consequences | public reason and its four premises: facts versus opinions, disagreement as normal, opponents as reasoning beings, one's own positions as revisable",rhetoric-manipulation | capacity,3,1,9,
FP-CH35,35,Rhetorical Points and the Practice of Discernment,Protecting Agency,discernment,"Draft 1.2 — Plain-language recheck (abstraction-drift fix) 2026-09-01, on top of Draft 1.1's direct-address conversion 2026-08-30",2026-08-30,"A small set of six questions, applied consistently rather than mastered as formal argument analysis, produces discernment that compounds with use. The practice does not make the reader smarter; it gives the reader's existing intelligence better access to an information environment engineered to bypass reasoning.","the six questions: what is claimed, what evidence supports it, who benefits, what emotion is activated, what alternatives exist, what would change the reader's mind | practice maturation over time: slow and effortful at first, then faster, then an automatic background review function | what the practice does not do: it does not produce certainty, does not eliminate disagreement, does not make the reader smarter, does not insulate the reader from the reader's own biases, does not replace expertise | discernment as protective infrastructure under agency, governance, contribution, and relationships",rhetoric-manipulation | practice-of-discernment,3,1,9,FP-CH01
FP-CH36,36,GroundedVote and Civic Agency,Protecting Agency,discernment,"Draft 1.2 — Plain-language recheck, one abstraction-drift fix 2026-09-01",2026-08-30,"Civic life is the domain where discernment is most needed and manipulation is most sophisticated, because political actors, platforms, and media organizations all have predictable interests in what the reader believes and does. GroundedVote gives the reader the infrastructure to evaluate civic claims for herself rather than dictating what she should conclude.","the five characteristics of civic discernment: predictable actor interests, the empirical/value split in policy claims, the power of issue framing, the separation of candidate evaluation from policy evaluation, and proportional attention to local civic life | the current civic information environment as structurally different from the broadcast-era environment (filter bubbles, outrage economics, disinformation) | GroundedVote's non-partisan stance as a deliberate methodological choice, not evasion: agreement on discernment process, not on conclusions | civic agency as regulated engagement — engagement that ""contributes"" and ""does not consume""",nervous-system | civic-agency | governance-creates-space | practice-of-discernment,3,1,9,
FP-CH37,37,"AI, Synthetic Reality, and the Future of Judgment",Protecting Agency,discernment,Draft 1.2 — Plain-language recheck (CH01 reader test) 2026-09-01,2026-08-30,"Large language models, photorealistic image and video generation, voice cloning, and personalized recommendation systems have broken the assumptions the reader's previous discernment practices depended on. The reader can no longer trust that a text was written by a thoughtful human, that a photo or video documents a real event, that a familiar voice belongs to the person it sounds like, or that an information stream is organic rather than algorithmically shaped. The architecture the book has already built, agency, governance, discernment, community, is the correct response to these conditions, not a separate skill set.","four broken assumptions: content-to-source, image-to-event, voice-to-speaker, and organic-feed-to-recommendation-infrastructure | five things the reader can no longer rely on (appearance of a photo/video, apparent voice on a call, human authorship, an organic-feeling feed, volume of apparent agreement) | six new practices: verification through a second channel, provenance attention, environmental design, assuming synthesis under suspicious patterns, cultivating slow practices, and recognizing the reader's own judgment as a target | the liar's dividend: the second-order damage of deepfakes, where their mere existence lets bad actors dismiss real evidence as fabricated | the claim that the existing architecture (agency, governance, discernment, community) is the answer to synthetic reality, not a new and separate answer",practice-of-discernment | ai-synthetic-reality | intellectual-humility | reactive-choosing | community-trust | governance-creates-space,3,1,7,
FP-CH38,38,Intellectual Humility,Protecting Agency,discernment,Draft 1.1 — Direct address conversion (second person) 2026-08-30,2026-08-24,Discernment without humility collapses into certainty. Intellectual humility is the practice that prevents the collapse.,"the trap: newly competent discernment applied only outward, never to the reader's own positions | intellectual humility as working recognition that the reader's own positions are conditioned, fallible, and revisable | what humility is not: not absence of conviction, not performance of false uncertainty, not abandonment of standards | five practices: regular review of the reader's own positions, cultivating disagreement in the reader's information diet, saying ""I do not know,"" acknowledging error publicly, protecting interlocutors from being treated as defective | what humility is not asking: not asking the reader to refuse claims, not asking the reader to balance every position (Moral Boundary Principle still applies), not asking deference to the powerful, not asking abandonment of advocacy | the hand-off to Part VI: architecture is not the goal, contribution is the goal",practice-of-discernment | intellectual-humility,3,1,7,FP-CH32
FP-CH39,39,Contribution Without Self-Erasure,Contributing Agency,contribution,Draft 1.2 — Plain-language recheck (CH01 reader test) 2026-09-01,2026-08-30,"Contribution is the offering of protected agency, not the erasure of it. The cultural template the reader inherited (the good parent, clinician, worker, citizen, friend, adult child, and adult of color who gives until empty) produces contributors who collapse, withdraw, or burn out, with damage to the very contributions they hoped to make. Sustainable contribution requires the contributor's self to remain intact, because a self that erases itself erases the contribution along with it.","the self-erasure template: giving until empty as the cultural definition of a good contributor | five signatures of self-erasure: lost preferences, absent refusal, dissolved identity, unexpressed resentment, eventual collapse | five signatures of sustainable contribution: maintained preferences, practiced refusal, identity outside the role, reciprocity, seasonal regulation | the Human Enterprise architecture (values, decision memos, access framework, board, body practices, discernment) as the structural support that makes non-erasing contribution possible | the contribution audit, alignment check, and conscious construction as the reader's starting practices",contribution-without-self-erasure | identity-openness | human-enterprise | collapse-reorganization,3,1,6,FP-CH40 | FP-CH45
FP-CH40,40,Family as the First Site of Stewardship,Contributing Agency,contribution,Draft 1.3 — Plain-language recheck (one abstraction fix) 2026-09-01,2026-08-31,"The reader is not the owner of the family but its temporary steward: accountable to the past that produced what the reader inherited and to the future that will receive what the reader passes on. Stewardship, applied through the Human Enterprise architecture (values, decision bylaws, access framework, capital management, discernment), lets the reader offer real contribution to partner, children, aging parents, siblings, and extended and chosen family without repeating the self-erasure patterns the previous chapter named.","stewardship versus ownership: the reader as temporary caretaker of an inheritance, accountable to past and future | the six architecture components (values, decision bylaws, access, capital, discernment, and the CH39 self-erasure signatures) applied specifically to family | self-erasure's family-specific signatures: the parent without preferences, the partner who cannot refuse, the adult child who dissolves into caregiving, the family's emotional waste system | stewardship across six roles: partner, parent, adult child of aging parents, sibling, extended family, chosen family",contribution-without-self-erasure | family-stewardship | human-enterprise | personal-capital | access | values-under-stress | bylaws | practice-of-discernment,3,1,5,
FP-CH41,41,"Community, Trust, and Collective Agency",Contributing Agency,contribution,"Draft 1.4 — Plain-language recheck: grounded the 'meaning' condition's fifth example, fixing plain-abstraction drift 2026-09-01",2026-08-30,"Most readers now belong to several thin communities rather than a few thick ones, and thin communities cannot do the work thick ones used to do. Durable community requires five specific conditions (repeated contact, shared work, honest conflict, accountability, and meaning), trust is the load-bearing variable that accumulates slowly and depletes quickly, and collective agency, the capacity for a community to do or withstand what no individual member could alone, becomes possible only once personal agency accumulates inside a community that meets those conditions.","thin community versus thick community, and the pluralism that produces both | five conditions for durable community: repeated contact, shared work, honest conflict, accountability, meaning | trust as the load-bearing variable: reliability across time, honesty about difficulty, repair of ruptures, consistency across conditions | collective agency: what a community can do or absorb together that no individual member could do alone | the reader's three starting steps: honest inventory, deliberate deepening, deliberate release",individual-community | honest-accounting | contribution-without-self-erasure | community-trust | institutions-power-repair,3,1,4,FP-CH40 | FP-CH42
FP-CH42,42,"Institutions, Power, and Repair",Contributing Agency,contribution,Draft 1.3 — Plain-language recheck (abstraction grounding fix) 2026-09-01,2026-09-01,"Institutions are the durable structural infrastructure of complex society, and their common critique (broken, captured, extractive) is usually accurate but incomplete, because it rarely names what replaces a failing institution, who builds the replacement, or how repair happens in time. Institutional power operates through five mechanisms (formal authority, informal authority, resource allocation, gatekeeping, and institutional narrative), and institutional repair, harder than institutional creation, requires honest diagnosis, cultivated allies, developed alternatives, sustained pressure across years, and the willingness to accept partial outcomes as the realistic ceiling.","what an institution actually is: durable structure that outlasts members, accumulates capability, and enforces standards no individual relationship could | characteristic institutional failure modes: capture, extraction, ossification, loss of legitimacy, deliberate weakening | five mechanisms of institutional power: formal authority, informal authority, resource allocation, gatekeeping of access, institutional narrative | five requirements of institutional repair: honest diagnosis, cultivated allies, developed alternatives, sustained pressure, acceptance of partial outcomes | the reader's finite capacity: choosing which institutions warrant investment rather than attempting to repair everything",institutions-power-repair | leadership | extraction,3,1,4,FP-CH41
FP-CH43,43,Leadership and Civic Responsibility,Contributing Agency,contribution,Draft 1.3 — Plain-language recheck: capacity-five grounding fix 2026-09-01,2026-08-30,"Leadership is not participation with more authority attached. It asks for additional capacities the participation did not require (holding uncertainty for a group, absorbing conflict, distributing consequences unevenly, staying visible while staying honest, developing successors), and those capacities are produced by the architecture the rest of the book builds, not by ambition alone.","five additional capacities leadership requires beyond participation: holding uncertainty, absorbing conflict, distributing consequences unevenly, remaining visible while honest, developing other leaders | five commitments civic responsibility specifically asks: to the institution over the moment, to the long arc over the news cycle, to constituents the leader isn't personally inclined toward, to the truth, to the eventual handover | the architecture (body work, governance work, discernment work, community work, values work, board work) as the structural protection that makes leadership sustainable rather than depleting | what non-leading readers can still do: identify and support the leaders their lives depend on, develop discernment to evaluate leaders accurately, refuse the patterns that exhaust leaders, prepare successors",choice | responsibility | civic-agency | contribution-without-self-erasure | leadership | legacy | practice-of-discernment,3,1,6,
FP-CH44,44,Legacy as Active Practice,Contributing Agency,contribution,Draft 1.3 — 'Durable' misuse fix 2026-09-01,2026-08-30,"Legacy is not produced by intention at the end of a life; it is produced continuously, by the reader's actual behavior, whether the reader is conscious of it or not. Four categories (relational, institutional, creative or intellectual, values) can be attended to deliberately, and the practice looks different by decade: foundations in the earlier years, deployment in the middle years, transmission in the later years, conclusion in the final years.","legacy as continuous production, not end-of-life disposition: ""the estate planning at the end is the disposition of property. The actual legacy was already built"" | four categories of legacy: relational, institutional, creative/intellectual, values | practice by decade: foundations, deployment, transmission, conclusion | four failures legacy practice protects against: drift, deferred meaning, disposable contribution, the absent self at the end",legacy | values-under-stress | institutions-power-repair,3,1,4,FP-CH45
FP-CH45,45,Founded,Contributing Agency,contribution,Draft 2.3 — 'philosophical floor' reworded to 'philosophical foundation' 2026-09-02,2026-08-30,"To be founded is to stand on ground the person has built, recognized, and committed to across every domain the book has walked: the body, the agency, the governance, the discernment, the contribution, the legacy. Being founded is not certainty, not completion, not exemption from the conditions the book diagnosed in Part I. It is standing on enough of one's own ground that those conditions cannot dissolve the person without a fight the person is equipped to make.","""founded"" as orientation, not arrival: built, recognized, committed to, continuously | integration of all six Parts into one structure: diagnostic frame (I), philosophical floor (II), reclamation practice (III), governance architecture (IV), discernment infrastructure (V), contribution practice (VI) | what founded looks like from outside: reachable where reach is warranted, unreachable where it isn't, honest about which is which | stewardship, not possession: ""the reader is not in possession of the items as if the items were property. The reader is the steward of the items"" | the ecosystem beyond the book: Journey from the Edge, Rooted Reclaimers, Founded App, Founded Emerging, Rhetorical Points, GroundedVote | the closing imperative: ""Reclaim agency. Govern well. Think clearly. Contribute wisely. Stand founded.""",family-stewardship | governance-creates-space | self-trust | practice-of-discernment | contribution-without-self-erasure,3,2,5,FP-CH01
