id,term,working_definition,what_it_is_not,where_it_appears,plain_language,mechanism_ids,chapter_ids
FP-T-access,Access,"Access means the level of influence, information, emotional proximity, decision authority, or emergency permission a person has in someone’s life. Human Enterprise treats access as something to define, review, and govern.","Access does not equal intimacy, love, history, title, or family role. A person can matter deeply and still need limited access to certain decisions, information, or parts of life.",CT03 - Governance. Human Enterprise governance layer. Founded App architecture. Founded Emerging youth adaptation.,Access means deciding who gets to be close to what parts of your life and why.,access,FP-CH19 | FP-CH22 | FP-CH27 | FP-CH31 | FP-CH33 | FP-CH39 | FP-CH40 | FP-CH42
FP-T-adaptive-equilibrium,Adaptive Equilibrium,Adaptive equilibrium means a living system can adjust competing forces in response to reality while still supporting flourishing. It describes regulated balance that changes as conditions change.,"Adaptive equilibrium is not permanent middle ground, neutrality, or staying calm while harm continues. It requires movement, judgment, and moral boundaries.",CT01 - Dynamic Balance Principle. CT06 - Freedom Foundation. Canon Addendum v1.1.,Adaptive equilibrium means adjusting what life needs now without losing the larger purpose.,,
FP-T-agency,Agency,"Agency is the practiced capacity to participate intentionally in the shaping of one’s life, relationships, environment, and future. Agency requires awareness, capacity, choice, responsibility, and action.","Agency is not total control, blame, unlimited freedom, or rugged individualism. Agency exists inside limits shaped by body, history, family, economy, institutions, technology, law, and culture.",Founded Canon v1.0. CT02 - Agency. CT08 - The Founded Model. Continuity Packet v1.0.,Agency means you can participate in your own life instead of only reacting to what happens.,awareness | capacity | choice | responsibility | action,FP-CH02 | FP-CH03 | FP-CH08 | FP-CH15 | FP-CH21 | FP-CH22 | FP-CH32 | FP-CH33 | FP-CH35 | FP-CH36 | FP-CH37 | FP-CH41 | FP-CH45
FP-T-ai-literacy,AI Literacy,"AI literacy means the ability to understand, question, use, and govern artificial intelligence tools without surrendering human judgment. It includes awareness of hallucination, bias, synthetic content, data risk, automation bias, and persuasion systems.","AI literacy is not blind adoption, fear of all technology, prompt tricks, or dependence on machines to decide for the human.",CT04 - Discernment. CT06 - Freedom Foundation. CT09 - Ecosystem Integration. Founded Emerging. Founded App.,AI literacy means knowing how to use AI without letting AI think for you.,ai-synthetic-reality,
FP-T-app-the-founded-app,"App, The Founded App","The Founded App is the operational layer of The Founded Project. It turns personal governance, agency, board input, values, decisions, self-care, risk, and reflection into a practical digital environment.","The app is not a habit tracker, surveillance tool, productivity trap, social feed, data extraction system, or replacement for human judgment.",CT03 - Governance. CT08 - The Founded Model. CT09 - Ecosystem Integration. Human Enterprise app architecture.,The app gives your life structure without making your life belong to the app.,,FP-CH45
FP-T-blacc,BLACC,"BLACC refers to Black Longevity and Community Care. Inside the ecosystem, BLACC Retreats supports embodied community healing, trust restoration, leadership, and culturally grounded wellness, especially for Black men and Black communities.","BLACC is not generic wellness branding, retreat aesthetics, or trauma performance. It should remain relational, embodied, culturally grounded, and community-centered.",CT09 - Ecosystem Integration. Contribution layer. Community healing and leadership layer.,"BLACC creates spaces where Black community care, healing, leadership, and trust can be practiced together.",,
FP-T-board-personal,"Board, Personal","A personal board is a structured circle of trusted advisors who inform decisions, reflect blind spots, support accountability, and help a person govern life with more wisdom. The person remains the final decision-maker.","A board is not a replacement for personal judgment, a popularity council, a group chat, or a way to outsource responsibility. The CEO decides. The board informs. The AI organizes.",CT03 - Governance. Human Enterprise. Founded App. Agent Build Instructions v1.0.,A personal board is a trusted group that helps you think clearly without taking over your life.,personal-board,FP-CH22 | FP-CH26 | FP-CH31 | FP-CH39 | FP-CH43
FP-T-boundaries,Boundaries,"Boundaries define what a person can allow, refuse, share, carry, decide, or continue while protecting agency, dignity, capacity, and values. Boundaries help governance become practical.","Boundaries are not punishment, cruelty, avoidance, control, or emotional withdrawal. A boundary protects life from confusion, extraction, and harmful access.",CT03 - Governance. CT05 - Contribution. CT06 - Freedom Foundation. Human Enterprise.,Boundaries help you protect what you can carry and what you can’t.,,
FP-T-ceo-of-self,CEO of Self,"CEO of Self is a Human Enterprise metaphor that names the person as the responsible decision-maker of their own life. It emphasizes agency, mission, counsel, and governance.","CEO of Self does not mean a human being is a corporation. It does not mean hustle culture, domination, self-optimization, or individualism without responsibility.",CT03 - Governance. Human Enterprise. Founded App. Agent Build Instructions v1.0.,"CEO of Self means you are responsible for your life’s direction, even when you need help and counsel.",ceo-of-self,FP-CH22 | FP-CH23
FP-T-chatwithme-debates,ChatWithMe Debates,"ChatWithMe Debates is a public media and demonstration layer connected primarily to Rhetorical Points. It uses debate formats to show claims, opposing arguments, moderation, and civil disagreement.","ChatWithMe Debates is not the full Founded theory, not GroundedVote, and not the core discernment platform. It demonstrates public reasoning.",CT09 - Ecosystem Integration. Discernment layer. Rhetorical Points adjacent media.,ChatWithMe Debates shows arguments in motion so people can practice watching claims get tested.,,
FP-T-civic-agency,Civic Agency,"Civic agency means the capacity to participate in public life with discernment, responsibility, and meaningful influence. It connects personal agency to institutions, community, leadership, voting, accountability, and public trust.","Civic agency is not partisan loyalty, political performance, outrage consumption, or treating politics as identity theater.",CT04 - Discernment. CT05 - Contribution. CT09 - Ecosystem Integration. GroundedVote.,Civic agency means you can participate in public life without being used by it.,civic-agency,FP-CH32 | FP-CH36
FP-T-civic-literacy,Civic Literacy,"Civic literacy is the practical understanding of civic systems, institutions, policies, rights, responsibilities, public claims, voting processes, and accountability pathways. It helps agency become responsible public participation.","Civic literacy is not political propaganda, party education, culture-war performance, or memorizing facts without judgment.",CT04 - Discernment. CT09 - Ecosystem Integration. GroundedVote. Founded Emerging.,Civic literacy means knowing enough about public systems to participate with clarity.,,
FP-T-collapse-and-reorganization,Collapse and Reorganization,"Collapse and reorganization describes the process of returning to structure after a life system fails, overloads, or becomes unmanageable. Human Enterprise treats collapse as a condition that needs care, support, review, and renewed governance.",Collapse is not proof of permanent failure or moral weakness. Reorganization is not pretending the collapse never happened.,CT03 - Governance. Human Enterprise. Story Library categories.,Collapse and reorganization means life can fall apart and still be rebuilt with structure and support.,collapse-reorganization,FP-CH22 | FP-CH30
FP-T-common-good,Common Good,"The common good refers to conditions that support shared human flourishing across people, families, communities, and institutions. The Founded Project connects individual agency to the common good through contribution and civic responsibility.","The common good is not forced sameness, domination by the majority, or erasure of individual dignity.",CT05 - Contribution. CT06 - Freedom Foundation. CT08 - The Founded Model.,The common good means building conditions where more people can live with dignity and agency.,,
FP-T-community,Community,"Community is a relational system of shared life, responsibility, trust, memory, care, conflict, repair, and participation. The Founded Project treats community as necessary for stable human flourishing.","Community is not an audience, market segment, brand identity, or emotional extraction system.",CT05 - Contribution. CT07 - Human Flourishing. CT09 - Ecosystem Integration. Root and Branch model.,Community means people share enough life and responsibility to help each other become more human.,individual-community,FP-CH02 | FP-CH09 | FP-CH10 | FP-CH11 | FP-CH22 | FP-CH30 | FP-CH37 | FP-CH41 | FP-CH43
FP-T-complexity,Complexity,"Complexity refers to the increasing number of systems, decisions, forces, technologies, relationships, risks, institutions, and information streams people must navigate. Complexity intensifies the need for agency, governance, discernment, and support.","Complexity is not the same as confusion. Confusion can come from poor structure, manipulation, missing information, or overload inside complexity.",Founded Canon v1.0. CT08 - The Founded Model. Book Architecture v1.0. Continuity Packet v1.0.,Complexity means life has more moving parts than most people were trained to govern.,,FP-CH01
FP-T-compromise,Compromise,"Compromise is an agreement that adjusts competing interests, needs, or priorities to preserve a larger purpose. Healthy compromise can serve flourishing when the forces involved are legitimate and morally bounded.","Compromise is not the same as balance. Compromise should not legitimize harm, lies, abuse, exploitation, or dehumanization.",CT01 - Dynamic Balance Principle. CT10 - Contrarian Review. Moral Boundary Principle.,"Compromise can help people work together, but it can’t make harm acceptable.",,
FP-T-contribution,Contribution,"Contribution is agency expressed beyond the self. It is the use of restored, governed, and protected agency in service of family, community, culture, institutions, civic life, future generations, and human flourishing.","Contribution is not self-erasure, martyrdom, productivity for approval, sacrifice without boundaries, or being endlessly useful.",Founded Canon v1.0. CT05 - Contribution. CT08 - The Founded Model. Part VI of the book architecture.,Contribution means using your life to strengthen something beyond yourself without disappearing into it.,,FP-CH02 | FP-CH21 | FP-CH35 | FP-CH38 | FP-CH39 | FP-CH44 | FP-CH45
FP-T-control,Control,"Control means the attempt to direct, restrict, or determine outcomes, people, information, behavior, or systems. Some control can protect safety, but control becomes harmful when it overrides dignity, agency, consent, truth, or appropriate responsibility.",Control is not governance. Governance creates structure in service of agency. Control often tries to replace agency with command.,CT03 - Governance. CT06 - Freedom Foundation. CT10 - Contrarian Review.,Control tries to run life from the outside. Governance helps life become organized from the inside.,,FP-CH15 | FP-CH22
FP-T-data-governance,Data Governance,"Data governance means the structures, rights, consent practices, privacy choices, and accountability rules that determine how personal information gets created, stored, used, shared, protected, or deleted.","Data governance is not corporate data capture, hidden surveillance, or user consent buried inside unread terms.",CT04 - Discernment. CT06 - Freedom Foundation. Founded App. Founded Emerging.,Data governance means people should understand and control what happens to their information.,,
FP-T-discernment,Discernment,"Discernment is the practiced capacity to distinguish truth from falsehood, signal from noise, evidence from assertion, wisdom from certainty, persuasion from manipulation, and complexity from confusion. Discernment protects agency.","Discernment is not cynicism, elitism, reflexive distrust, arrogance, or treating every claim as equally valid.",Founded Canon v1.0. CT04 - Discernment. CT08 - The Founded Model. Rhetorical Points. GroundedVote.,"Discernment means knowing what to trust, why to trust it, and when to change your mind.",practice-of-discernment,FP-CH02 | FP-CH08 | FP-CH21 | FP-CH31 | FP-CH35 | FP-CH36 | FP-CH37 | FP-CH38 | FP-CH39 | FP-CH40 | FP-CH43 | FP-CH45
FP-T-disinformation,Disinformation,"Disinformation means false or misleading information spread deliberately to deceive, manipulate, control perception, gain advantage, or damage trust. It violates the conditions needed for agency and civic life.","Disinformation is not the same as error, uncertainty, disagreement, or developing evidence.",CT04 - Discernment. CT10 - Contrarian Review. Moral Boundary Principle.,Disinformation means false information spread on purpose to shape what people believe or do.,,FP-CH14 | FP-CH36
FP-T-dynamic-balance,Dynamic Balance,"Dynamic Balance is the active regulation of necessary competing forces in service of human flourishing within moral boundaries. It recognizes that human systems require tension between forces such as freedom and responsibility, identity and openness, competition and cooperation, innovation and stability, individual and community, security and adaptability.","Dynamic Balance is not moderation, neutrality, compromise for its own sake, false equivalence, or moral relativism.",CT01 - Dynamic Balance Principle. CT06 - Freedom Foundation. CT08 - The Founded Model. Canon Addendum v1.1.,Dynamic Balance means keeping important forces in the right relationship so life can stay healthy and humane.,,FP-CH06 | FP-CH14 | FP-CH21
FP-T-dynamic-balance-principle,Dynamic Balance Principle,The Dynamic Balance Principle states that human systems remain healthy when necessary competing forces are regulated in productive relationship inside clear moral boundaries. It is the foundational theory of the ecosystem.,"The Dynamic Balance Principle does not apply to inherently immoral acts. It does not balance dignity with dehumanization, truth with lies, or safety with intentional harm.",Founded Canon v1.0. CT01 - Dynamic Balance Principle. CT08 - The Founded Model.,"The Dynamic Balance Principle means healthy life requires regulated tension, clear boundaries, and a purpose larger than winning one side.",dynamic-balance,
FP-T-ecosystem,Ecosystem,"The ecosystem is the integrated set of projects, tools, books, curricula, software, media, and community initiatives that serve The Founded Project’s mission. Each node restores, structures, protects, teaches, expresses, or extends agency.","The ecosystem is not a random collection of ventures, a project catalog, or a branding umbrella without theory.",CT09 - Ecosystem Integration. Continuity Packet v1.0. Agent Build Instructions v1.0.,"The ecosystem is the full set of tools and projects built to help people reclaim, govern, protect, and contribute agency.",,FP-CH45
FP-T-embodiment,Embodiment,"Embodiment means the body participates in agency, decision-making, stress, memory, attention, trust, and flourishing. The Founded Project treats the body as part of the governance field.","Embodiment is not vague wellness language, aesthetic spirituality, or a claim that the body replaces evidence and judgment.",CT02 - Agency. CT07 - Human Flourishing. Journey From the Edge. Rooted Reclaimers.,"Embodiment means your body shapes how you think, choose, relate, and recover.",,
FP-T-emerging-adult,Emerging Adult,"An emerging adult is a young person moving into greater independence, identity formation, digital visibility, responsibility, civic participation, and future planning. Founded Emerging adapts agency, governance, discernment, and contribution for this developmental stage.","An emerging adult is not a child to control or a fully formed adult to abandon. This stage needs stewardship, practice, privacy, and supported agency.",CT09 - Ecosystem Integration. Founded Emerging. Founded App youth version.,An emerging adult is a young person learning how to govern life before life gets harder to reorganize.,,
FP-T-extraction,Extraction,"Extraction occurs when a person, system, relationship, institution, platform, workplace, ideology, or environment consistently takes more than it returns in value, dignity, safety, meaning, growth, compensation, or mutual care. Extraction reduces agency and undermines flourishing.","Extraction is not the same as effort, sacrifice, service, work, responsibility, or fair exchange. Extraction becomes visible through imbalance, depletion, coercion, manipulation, or lack of return.",CT07 - Human Flourishing. CT10 - Contrarian Review. Book Architecture v1.0. Power and Extraction future canvas.,"Extraction means something keeps taking from you without enough return, repair, dignity, or choice.",theft-of-agency | extraction,FP-CH04 | FP-CH10 | FP-CH24 | FP-CH42
FP-T-faith,Faith,"Faith may appear as a person’s source of meaning, sacredness, moral orientation, community, and endurance. The Founded Project leaves room for faith while remaining nonsectarian.","Faith is not required for the model. The project is not a religious doctrine, and it does not use faith to avoid evidence, responsibility, or repair.",CT07 - Human Flourishing. Freedom Foundation. Philosophical Boundaries in the Canon.,Faith can be one way people name what gives life meaning and direction.,,FP-CH02
FP-T-false-equivalence,False Equivalence,"False equivalence treats two claims, positions, or actions as equally valid when evidence, morality, or reality does not support equal standing. The Founded Project rejects false equivalence because truth comes before balance.","False equivalence is not the same as fairness, listening, humility, or engaging an opposing view honestly.",CT04 - Discernment. CT10 - Contrarian Review. Moral Boundary Principle.,False equivalence means acting like two sides are equal when truth or harm clearly separates them.,,
FP-T-flourishing,Flourishing,"Flourishing is the lived experience of having enough agency, nourishment, meaning, support, dignity, and freedom to thrive according to what a person experiences as sacred, life-giving, and abundant. It is the destination of The Founded Project.","Flourishing is not success, comfort, status, productivity, happiness, or wealth defined only by money.",CT07 - Human Flourishing. CT08 - The Founded Model. Founded Canon v1.0.,"Flourishing means having enough of what helps you live, grow, belong, and thrive.",flourishing,FP-CH14
FP-T-founded-emerging,Founded Emerging,"Founded Emerging is the youth and emerging adult development layer of The Founded Project. It teaches agency, governance, discernment, AI literacy, digital reputation, self-leadership, civic responsibility, and future planning.","Founded Emerging is not parental surveillance, behavior control, or an adult governance system pasted onto young people. Parents guide. Young people practice agency.",CT09 - Ecosystem Integration. Founded App youth version. Agent Build Instructions v1.0.,Founded Emerging helps young people learn how to govern themselves before the world starts defining them.,,FP-CH45
FP-T-founded-model,Founded Model,"The Founded Model is the organizing framework of The Founded Project. It describes the movement from reclamation to agency, from agency to governance, from governance to discernment, and from discernment to contribution.","The Founded Model is not a rigid ladder, motivational sequence, productivity funnel, or app flow. It provides orientation across individual, family, community, institutional, and societal life.",CT08 - The Founded Model. Book Architecture v1.0. Continuity Packet v1.0.,The Founded Model shows how people move from survival toward protected agency and meaningful contribution.,,
FP-T-freedom,Freedom,"Freedom is the practiced capacity to live with agency, responsibility, discernment, and dignity inside reality. Freedom requires foundation, moral boundaries, truth, governance, and contribution.","Freedom is not license, domination, escape from responsibility, or the absence of all limits.",CT06 - Freedom Foundation. Freedom Foundation layer. Canon Addendum v1.1.,"Freedom means you can participate in your life with dignity, responsibility, and real choice.",freedom-responsibility,FP-CH08
FP-T-freedom-foundation,Freedom Foundation,"Freedom Foundation is the philosophical layer of The Founded Project. It defines the conditions that allow freedom to become sustainable through balance, responsibility, dignity, truth, governance, and contribution.","Freedom Foundation is not partisan ideology, libertarian escape, vague centrism, or abstract philosophy disconnected from lived experience.",CT06 - Freedom Foundation. CT09 - Ecosystem Integration. Continuity Packet v1.0.,Freedom Foundation explains what freedom needs so it doesn’t collapse into chaos or control.,,
FP-T-groundedvote,GroundedVote,"GroundedVote is the civic literacy layer of The Founded Project ecosystem. It supports informed, non-partisan civic participation, public accountability, and better understanding of civic systems.","GroundedVote is not a political party tool, partisan media project, or ideological weapon.",CT04 - Discernment. CT09 - Ecosystem Integration. Part V of Book Architecture.,GroundedVote helps people understand public systems so they can participate without getting manipulated.,,FP-CH32 | FP-CH36 | FP-CH45
FP-T-governance,Governance,"Governance is the intentional organization of decisions, resources, relationships, boundaries, responsibilities, risks, and commitments in service of a chosen future. Governance creates continuity between values and actions.","Governance is not control, bureaucracy, surveillance, rigid optimization, or managing the human into a machine.",Founded Canon v1.0. CT03 - Governance. Human Enterprise. Founded App.,Governance means giving your life enough structure to protect what you value and choose more clearly.,governance-creates-space,FP-CH02 | FP-CH04 | FP-CH21 | FP-CH22 | FP-CH25 | FP-CH27 | FP-CH31 | FP-CH35 | FP-CH37 | FP-CH43 | FP-CH45
FP-T-human-enterprise,Human Enterprise,"Human Enterprise is the governance layer inside The Founded Project. It provides practical architecture for mission, values, personal capital, assets, liabilities, board, access, decision-making, relationship maps, self-care, risk, and long-term strategy.","Human Enterprise is not the entire theory. It does not claim that humans are corporations. It should never become hustle culture, sovereign citizen logic, or productivity capture.",CT03 - Governance. CT09 - Ecosystem Integration. Continuity Packet v1.0.,Human Enterprise gives people life architecture without turning them into businesses.,human-enterprise,FP-CH22 | FP-CH31 | FP-CH39
FP-T-human-flourishing,Human Flourishing,"Human flourishing is the desired outcome of The Founded Project. It means people, families, communities, institutions, and societies can support agency, nourishment, dignity, meaning, trust, contribution, and freedom.","Human flourishing is not private success, individual comfort, public status, endless growth, or productivity.",CT07 - Human Flourishing. CT08 - The Founded Model. Book Architecture v1.0.,Human flourishing means people and communities have the conditions they need to live well and contribute.,,
FP-T-identity,Identity,"Identity gives rootedness, memory, culture, story, belonging, and continuity. The Founded Project treats identity as a necessary force that must remain in productive relationship with openness and shared humanity.","Identity is not supremacy, dehumanization, tribal closure, or permanent grievance. Openness should not erase identity.",CT01 - Dynamic Balance Principle. CT06 - Freedom Foundation. Part II of Book Architecture.,Identity helps people know who they are without making other people less human.,identity-openness,FP-CH03 | FP-CH09 | FP-CH34 | FP-CH39
FP-T-intellectual-humility,Intellectual Humility,"Intellectual humility means remaining correctable while pursuing truth. It allows a person to revise beliefs when evidence, reality, or moral clarity requires revision.","Intellectual humility is not weakness, indecision, false equivalence, or surrendering truth to whoever speaks loudest.",CT04 - Discernment. CT10 - Contrarian Review. Rhetorical Points.,Intellectual humility means you care enough about truth to change your mind when you need to.,intellectual-humility,FP-CH32 | FP-CH38
FP-T-journey-from-the-edge,Journey From the Edge,"Journey From the Edge is the reclamation layer that explains how trauma, burnout, survival adaptation, shame, disconnection, and chronic stress reduce agency. It gives language to the movement from survival back toward self-trust.","Journey From the Edge is not the entire Founded Project. It is not the governance layer, civic layer, or full ecosystem.",CT09 - Ecosystem Integration. Reclamation stage. Part III of Book Architecture.,Journey From the Edge helps people understand how survival shaped them and how agency can return.,,FP-CH15 | FP-CH45
FP-T-license,License,"License means acting on desire without enough regard for truth, consequence, relationship, responsibility, or harm. Freedom Foundation distinguishes license from mature freedom.","License is not freedom. Freedom requires agency, responsibility, discernment, dignity, and reality.",CT06 - Freedom Foundation.,License says “I do what I want.” Freedom asks what kind of life a person can govern responsibly.,,
FP-T-manipulation,Manipulation,"Manipulation uses emotion, information, timing, identity, fear, shame, belonging, or power to influence people without full honesty, consent, or respect for agency. Manipulation narrows the field of choice.","Manipulation is not the same as persuasion. Persuasion can respect truth, dignity, consent, and accountability.",CT04 - Discernment. Rhetorical Points. GroundedVote. CT10 - Contrarian Review.,Manipulation means someone shapes your choices while hiding what they’re doing or why.,rhetoric-manipulation,FP-CH32 | FP-CH34
FP-T-misinformation,Misinformation,"Misinformation means false or inaccurate information that spreads regardless of intent. It can still harm agency, trust, and public reasoning even when the person sharing it does not intend harm.",Misinformation is not the same as disinformation. Disinformation involves deliberate deception.,CT04 - Discernment. CT10 - Contrarian Review. Rhetorical Points. GroundedVote.,Misinformation means wrong information that spreads and shapes what people believe.,,
FP-T-moderation,Moderation,"Moderation usually means avoiding extremes or choosing a middle position. The Founded Project may use moderation in ordinary contexts, but Dynamic Balance does not depend on moderation as its central idea.","Moderation is not Dynamic Balance. The right response may require strong movement toward one force, clear refusal, or decisive boundary.",CT01 - Dynamic Balance Principle. CT10 - Contrarian Review.,"Moderation means staying near the middle. Dynamic Balance means adjusting to what life, truth, and flourishing require.",balance-not-moderation,FP-CH07
FP-T-moral-boundary-principle,Moral Boundary Principle,"The Moral Boundary Principle states that Dynamic Balance does not apply to inherently immoral acts. Slavery, genocide, torture, child abuse, intentional cruelty, murder, exploitation for exploitation’s sake, deliberate disinformation, and suffering inflicted for suffering’s sake are violations, not forces to balance.","The Moral Boundary Principle is not moral grandstanding, partisan purity, or refusal to think. It protects the theory from false equivalence and moral relativism.",Canon Addendum v1.1. CT01 - Dynamic Balance Principle. CT10 - Contrarian Review. Book Architecture v1.0.,Some things don’t need balance. They need refusal.,moral-boundary,FP-CH03 | FP-CH07 | FP-CH14 | FP-CH38
FP-T-moral-relativism,Moral Relativism,"Moral relativism treats moral claims as so dependent on perspective that clear violations can lose their force. The Founded Project rejects moral relativism when dignity, truth, safety, and intentional harm are at stake.","Moral relativism is not intellectual humility, cultural awareness, or careful interpretation.",CT01 - Dynamic Balance Principle. CT10 - Contrarian Review. Moral Boundary Principle.,Moral relativism says everything depends on viewpoint. Founded says some harms are still harms.,,FP-CH14
FP-T-nourishment,Nourishment,"Nourishment includes what restores, feeds, steadies, and strengthens a person’s life. It can include food, rest, safety, affection, truth, touch, learning, movement, beauty, belonging, purpose, culture, and time.","Nourishment is not indulgence, luxury, or consumption without discernment. It refers to what helps life replenish and flourish.",CT07 - Human Flourishing. Rooted Reclaimers. Contribution.,Nourishment means what gives enough back to help you live and grow.,,
FP-T-optimization,Optimization,Optimization means adjusting a system to maximize a chosen outcome. The Founded Project treats optimization carefully because maximizing one outcome can damage the larger human system.,"Optimization is not governance. Governance serves agency and flourishing, while optimization can serve output, speed, efficiency, or extraction without respecting the whole person.",CT03 - Governance. CT10 - Contrarian Review. Voice and Style Rules.,Optimization tries to get more of one thing. Governance asks whether that “more” still serves life.,optimization,FP-CH03 | FP-CH05
FP-T-organized-human-flourishing,Organized Human Flourishing,"Organized human flourishing means people and communities build enough structure, support, discernment, and moral clarity to thrive inside complexity. It names the larger aim of the ecosystem.","Organized human flourishing is not rigid control, institutional sameness, forced morality, or productivity culture.",CT08 - The Founded Model. Book Architecture v1.0. Continuity Packet v1.0.,Organized human flourishing means building the conditions that help people live well together.,,
FP-T-personal-bylaws,Personal Bylaws,"Personal bylaws are self-governance rules that clarify values, boundaries, decision principles, commitments, and conduct before stress, fear, scarcity, or social pressure takes over.","Personal bylaws are not rigid commandments, perfection rules, or self-punishment. They create guidance when life becomes difficult.",CT03 - Governance. Human Enterprise. Founded App.,Personal bylaws are rules you make while clear so you don’t betray yourself while stressed.,bylaws,FP-CH29
FP-T-personal-capital,Personal Capital,"Personal capital refers to the forms of value a person carries, develops, protects, and contributes. It includes financial, health, time, skill, relational, reputation, cultural, spiritual, philosophical, creative, and community capital.","Personal capital is not only money, market value, status, or personal branding. It should not reduce a human being to economic utility.",CT03 - Governance. Human Enterprise. Continuity Packet v1.0.,"Personal capital means the many kinds of value in your life, not just money.",personal-capital,
FP-T-power,Power,"Power is the capacity to shape choices, conditions, access, perception, resources, rules, consequences, or possible futures. The Founded Project needs power analysis because agency always exists inside systems where power already operates.","Power is not inherently corrupt, and it is not limited to politics or money. Power becomes dangerous when it escapes accountability, dignity, truth, and reciprocal responsibility.",CT10 - Contrarian Review. Future CT11 - Power and Extraction. Book Architecture v1.0.,"Power means the ability to shape what people can see, choose, access, or become.",institutions-power-repair,FP-CH12 | FP-CH14 | FP-CH36 | FP-CH42
FP-T-productivity-capture,Productivity Capture,"Productivity capture happens when tools, language, habits, or systems that claim to support agency get absorbed into output, performance, hustle, optimization, and market value. It is a major risk for Human Enterprise language.","Productivity capture is not the same as useful planning, discipline, or follow-through. The issue is when output becomes the highest good.",CT10 - Contrarian Review. Voice and Style Rules. Human Enterprise guardrails.,Productivity capture means a tool meant to help you live starts using you to produce more.,attention-economy,
FP-T-protected-agency,Protected Agency,"Protected agency is agency supported by structure, discernment, boundaries, counsel, self-knowledge, regulation, and moral clarity. It is agency defended against manipulation, extraction, overwhelm, scarcity, and drift.","Protected agency is not isolation, control, privilege, selfishness, or total safety from all risk.",CT02 - Agency. CT08 - The Founded Model. CT09 - Ecosystem Integration. Continuity Packet v1.0.,"Protected agency means your ability to choose has support, structure, and defense around it.",,
FP-T-public-ledger,Public Ledger,"Public Ledger refers to the visible or discoverable record a person creates through digital behavior, public identity, reputation, posts, comments, affiliations, creative work, conflicts, and data trails. It matters especially for youth and emerging adults.","Public Ledger is not moral panic about technology. It is not a reason for surveillance or control. It is a reason for education, agency, and digital self-governance.",Founded Emerging. Founded App youth version. CT09 - Ecosystem Integration.,Public Ledger means the record your digital life creates before you fully realize it’s a record.,honest-accounting,
FP-T-reclamation,Reclamation,"Reclamation is the process of recovering agency from trauma, burnout, survival adaptation, disconnection, shame, chronic stress, and overwhelm. It restores access to choice and self-trust.","Reclamation is not denial of the past, instant healing, self-help motivation, or pretending survival patterns were useless.",Founded Canon v1.0. CT08 - The Founded Model. Journey From the Edge. Rooted Reclaimers. Part III.,"Reclamation means getting back the parts of your agency that survival, stress, or harm pushed out of reach.",self-trust,FP-CH02 | FP-CH15 | FP-CH17 | FP-CH18 | FP-CH19 | FP-CH20 | FP-CH21 | FP-CH31 | FP-CH45
FP-T-regulation,Regulation,"Regulation refers to the body and mind’s ability to adjust activation, attention, emotion, stress response, and behavior in relationship to reality. Regulation supports agency because state affects choice.","Regulation is not suppression, numbness, constant calm, or compliance.",CT02 - Agency. CT03 - Governance. CT07 - Human Flourishing. Journey From the Edge. Rooted Reclaimers.,Regulation means your body and mind can return to enough steadiness to choose.,nervous-system,FP-CH06 | FP-CH07 | FP-CH17 | FP-CH19 | FP-CH33 | FP-CH39
FP-T-rhetorical-points,Rhetorical Points,"Rhetorical Points is the discernment layer that teaches argument evaluation, rhetorical accountability, claim testing, opposing viewpoints, evidence review, emotional activation awareness, and manipulation detection.","Rhetorical Points is not GroundedVote, not Human Enterprise, not partisan commentary, and not the entire Founded Project. It remains a distinct project unless the ecosystem connection is explicit.",CT04 - Discernment. CT09 - Ecosystem Integration. Part V of Book Architecture.,Rhetorical Points helps people test arguments before they trust or repeat them.,,FP-CH32 | FP-CH35 | FP-CH45
FP-T-root-and-branch,Root and Branch,"Root and Branch is the change model that connects individual agency with societal conditions. Problems that appear individual often grow from societal conditions, and problems that appear societal often live through individual behavior.",Root and Branch is not rugged individualism or systems fatalism. It refuses to let either the person or the system disappear.,CT05 - Contribution. CT08 - The Founded Model. CT10 - Contrarian Review. Book Architecture v1.0.,Root and Branch means we work on people and systems because each shapes the other.,root-and-branch,
FP-T-rooted-reclaimers,Rooted Reclaimers,"Rooted Reclaimers is the recovery and implementation layer that helps people practice reclamation through community, education, regulation, identity repair, rootedness, and sustained support.","Rooted Reclaimers is not generic wellness branding, oversimplified self-help, or trauma language without practice.",CT09 - Ecosystem Integration. Reclamation layer. Part III.,"Rooted Reclaimers helps people practice healing, trust, and agency in community.",,FP-CH45
FP-T-self-care-as-governance,Self-Care as Governance,"Self-care as governance means care for the body, mind, relationships, schedule, energy, and environment becomes part of responsible agency. Self-care supports the person’s ability to decide, relate, work, heal, and contribute.","Self-care is not indulgence, branding, avoidance, or a substitute for structural repair.",CT03 - Governance. Human Enterprise. Founded App.,Self-care as governance means caring for yourself helps you make better decisions and stay available for life.,,
FP-T-self-erasure,Self-Erasure,"Self-erasure happens when a person loses access to their own needs, limits, values, identity, body, or future in the process of serving, pleasing, protecting, or belonging. It often hides inside praised roles.","Self-erasure is not the same as generosity, love, sacrifice, service, or responsibility.",CT05 - Contribution. CT10 - Contrarian Review. Part VI of Book Architecture.,"Self-erasure means helping, loving, or serving in a way that makes you disappear.",contribution-without-self-erasure,FP-CH39 | FP-CH40
FP-T-self-governance,Self-Governance,"Self-governance is the practice of organizing one’s decisions, values, responsibilities, resources, relationships, body, information, and future with intentionality. It is agency expressed through structure.","Self-governance is not self-control alone, rigid discipline, isolation, or refusing help.",CT02 - Agency. CT03 - Governance. Human Enterprise. Freedom Foundation.,Self-governance means learning how to guide your life instead of letting stress or outside systems guide it for you.,,FP-CH04
FP-T-sequence-the-five-stages,"Sequence, The Five Stages",The five-stage sequence is Reclamation → Agency → Governance → Discernment → Contribution. It describes how The Founded Project moves from survival recovery toward protected agency and meaningful participation.,"The sequence is not a rigid staircase, moral ranking, or single path everyone follows perfectly.",Founded Canon v1.0. CT08 - The Founded Model. Continuity Packet v1.0. Book Architecture v1.0.,The sequence shows how people move from getting agency back to using it wisely for life beyond themselves.,five-stage-sequence,FP-CH20 | FP-CH30
FP-T-signal-and-noise,Signal and Noise,"Signal refers to information that meaningfully helps a person understand reality, decide, govern, or contribute. Noise refers to information, emotion, distraction, repetition, or confusion that makes clarity harder.",Signal is not whatever feels certain. Noise is not whatever feels uncomfortable.,CT04 - Discernment. Rhetorical Points. GroundedVote.,Signal helps you see clearly. Noise makes it harder to know what deserves attention.,,
FP-T-soil-of-safety,Soil of Safety,"Soil of Safety refers to the conditions that allow agency, trust, regulation, learning, repair, and growth to take root. It is especially important in trauma recovery, community healing, and youth development.","Soil of Safety is not comfort at any cost, avoidance of challenge, or protection from all discomfort.",Part III of Book Architecture. Journey From the Edge. Rooted Reclaimers. Black Men’s Health workshop framework.,"Soil of Safety means people grow better when the conditions around them support trust, repair, and honest effort.",soil-of-safety,FP-CH19
FP-T-sovereignty,Sovereignty,"Sovereignty can refer to the capacity of a person or community to exercise legitimate self-direction within moral, relational, civic, and legal reality. Use the term carefully because public meanings vary.","Sovereignty is not sovereign citizen ideology, escape from law, anti-government extremism, or refusal of responsibility.",Philosophical Boundaries in the Canon. Freedom Foundation. Human Enterprise guardrails.,"Sovereignty means real self-direction with responsibility, not pretending rules and relationships don’t exist.",,
FP-T-stewardship,Stewardship,"Stewardship is responsible care for what a person has influence over, including body, family, resources, relationships, community, institutions, ideas, culture, technology, and future. Stewardship connects agency to contribution.","Stewardship is not ownership as domination, saviorism, self-erasure, or control.",CT05 - Contribution. CT06 - Freedom Foundation. CT07 - Human Flourishing. Part VI.,Stewardship means caring responsibly for what your life touches.,family-stewardship,FP-CH40 | FP-CH45
FP-T-structure,Structure,"Structure is the organized form that helps values, decisions, relationships, responsibilities, and commitments become livable. Structure gives agency a place to operate.","Structure is not control, rigidity, bureaucracy, or dead formality. Humane structure creates space.",CT03 - Governance. Human Enterprise. Book Architecture v1.0.,"Structure means life has a form that helps you breathe, choose, and follow through.",,FP-CH04 | FP-CH05 | FP-CH19 | FP-CH21 | FP-CH22 | FP-CH29 | FP-CH31 | FP-CH42 | FP-CH45
FP-T-survival,Survival,"Survival describes the body and mind’s adaptation to threat, instability, harm, chronic stress, or unsafe conditions. Survival patterns can protect life and later restrict agency when they keep governing after conditions change.","Survival is not weakness, pathology, identity, or proof that a person failed.",CT02 - Agency. CT08 - The Founded Model. Journey From the Edge. Part III.,"Survival means the ways you learned to get through danger, stress, or instability.",survival,FP-CH02 | FP-CH16 | FP-CH17 | FP-CH21
FP-T-survival-plasticity,Survival Plasticity,"Survival plasticity refers to the body and mind’s capacity to adapt around threat, chronic stress, trauma, burnout, and instability. It explains how protective patterns become practiced pathways.",Survival plasticity is not permanent damage or destiny. It does not mean a person can change instantly through willpower.,Journey From the Edge. CT02 - Agency. CT08 - The Founded Model. Part III.,"Survival plasticity means your body and mind can learn survival patterns, and they can also learn new patterns with the right conditions.",trauma-burnout | survival-plasticity,FP-CH16
FP-T-theory-architecture,Theory Architecture,"Theory Architecture is the organized structure that keeps The Founded Project’s concepts, sequence, moral boundaries, project roles, and manuscript logic coherent. It governs how ideas relate before they become chapters, products, or public language.","Theory Architecture is not a Table of Contents, outline decoration, or bureaucratic file system.",Agent Build Instructions v1.0. Book Architecture v1.0. Continuity Packet v1.0. CT08 - The Founded Model.,Theory Architecture means the ideas have a structure strong enough to guide the work.,,
FP-T-trust,Trust,"Trust is the relational confidence that a person, system, institution, body, community, or source can be engaged with some degree of safety, truth, consistency, accountability, and repair. The Founded Project treats trust as a condition for agency and collective life.","Trust is not blind belief, forced forgiveness, innocence, or ignoring evidence of harm.",CT07 - Human Flourishing. CT09 - Ecosystem Integration. Future CT12 - Trust. Rooted Reclaimers. BLACC Retreats.,Trust means enough safety and truth exist for people to participate without constant defense.,community-trust,FP-CH10 | FP-CH12 | FP-CH13 | FP-CH21 | FP-CH24 | FP-CH29 | FP-CH41
FP-T-truth,Truth,"Truth refers to what best corresponds to reality through evidence, disciplined inquiry, correction, and humility. The Founded Project places truth before balance.","Truth is not certainty, popularity, identity comfort, tribal agreement, algorithmic repetition, or personal preference.",CT04 - Discernment. CT10 - Contrarian Review. Moral Boundary Principle.,"Truth means we try to match what we believe to what is real, even when we need correction.",truth-before-balance,FP-CH32 | FP-CH43
FP-T-values,Values,"Values are chosen commitments that guide decisions, boundaries, relationships, sacrifice, repair, and contribution. Governance gives values practical form.","Values are not decorative words, branding statements, or feelings that disappear under stress.",CT03 - Governance. Human Enterprise. Founded App.,Values tell you what your choices should protect when life gets hard.,values-under-stress,FP-CH09 | FP-CH22 | FP-CH23 | FP-CH28 | FP-CH31 | FP-CH39 | FP-CH40 | FP-CH43 | FP-CH44
FP-T-wealth,Wealth,"Wealth is what the perceiver experiences as sacred and abundant. It can include money, time, health, books, family, land, community, beauty, wisdom, learning, freedom, faith, creativity, peace, or a regulated nervous system.","Wealth is not only financial capital, status, assets, or income.",CT07 - Human Flourishing. Human Enterprise personal capital. Book Architecture v1.0.,Wealth means having enough of what you experience as deeply valuable.,,FP-CH24
FP-T-whole-person-health,Whole Person Health,"Whole Person Health understands health through the body, mind, relationships, environment, meaning, community, systems, and social conditions. In Stephen’s framework, whole person health also implies the social determinants of wellbeing.","Whole Person Health is not generic wellness, symptom chasing, individual behavior alone, or a rejection of evidence-based care.",Journey From the Edge. Rooted Reclaimers. BLACC Retreats. GreyDoc Consulting. CT07 - Human Flourishing.,Whole Person Health means health includes the whole life a person lives inside.,,
FP-T-wisdom,Wisdom,"Wisdom is the capacity to apply knowledge, discernment, experience, humility, timing, and moral judgment in service of life. It helps governance remain humane.","Wisdom is not certainty, cleverness, information, age by itself, or institutional authority by itself.",CT03 - Governance. CT04 - Discernment. Personal Board. Contribution.,Wisdom means knowing how to use what you know in a way that serves life.,,FP-CH26
